Workbook

Sheet Data & Returns
A1: Date | B1: S&P 500 Price | C1: AAPL Price | D1: S&P 500 Log Return | E1: AAPL Log Return | G1: (i) SCATTER DIAGRAM: AAPL vs S&P 500
A2: 43772 | B2: 3093.08 | C2: 65.04 | D2: 0.0088130686 | E2: 0.02129682
A3: 43779 | B3: 3120.46 | C3: 66.44 | D3: -0.0032644574 | E3: -0.015165592
A4: 43786 | B4: 3110.29 | C4: 65.44 | D4: 0.0098188837 | E4: 0.020719078
A5: 43793 | B5: 3140.98 | C5: 66.81 | D5: 0.0015683433 | E5: 0.012937945
A6: 43800 | B6: 3145.91 | C6: 67.68 | D6: 0.0072497709 | E6: 0.01626767
A7: 43807 | B7: 3168.8 | C7: 68.79 | D7: 0.016407202 | E7: 0.015434854
A8: 43814 | B8: 3221.22 | C8: 69.86 | D8: 0.0058193328 | E8: 0.036403429
A9: 43821 | B9: 3240.02 | C9: 72.45 | D9: -0.0015969436 | E9: 0.026021494
A10: 43828 | B10: 3234.85 | C10: 74.36 | D10: 0.0093843955 | E10: 0.042391499
A11: 43835 | B11: 3265.35 | C11: 77.58 | D11: 0.019491229 | E11: 0.026708951
A12: 43842 | B12: 3329.62 | C12: 79.68 | D12: -0.010309385 | E12: -0.0012558083
A13: 43849 | B13: 3295.47 | C13: 79.58 | D13: -0.021454621 | E13: -0.028034456
... A314: 45956 | B314: 6840.2 | C314: 270.37 | D314: -0.010058901 | E314: -0.0012212951
A315: 45963 | B315: 6771.74 | C315: 270.04 | D315: =LN(B315/B314) | E315: =LN(C315/C314)

Sheet Calculations
A1: QUESTION 2 - STATISTICAL ANALYSIS
A3: (a) MEAN WEEKLY LOG RETURN
A4: Metric | B4: S&P 500 | C4: AAPL
A5: Mean (Excel AVERAGE) | B5: =AVERAGE('Data & Returns'!D2:D315) | C5: =AVERAGE('Data & Returns'!E2:E315)
A7: (b) VARIANCE CALCULATION
A8: Calculation Method | B8: S&P 500 | C8: AAPL
A9: Manual: Σ(x - mean)²/N | B9: =SUMPRODUCT(('Data & Returns'!D2:D315-B5)^2)/COUNTA('Data & Returns'!D2:D315) | C9: =SUMPRODUCT(('Data & Returns'!E2:E315-C5)^2)/COUNTA('Data & Returns'!E2:E315)
A10: Excel VAR.P function | B10: =VAR.P('Data & Returns'!D2:D315) | C10: =VAR.P('Data & Returns'!E2:E315)
A11: Difference | B11: =B9-B10 | C11: =C9-C10
A13: (c) STANDARD DEVIATION CALCULATION
A14: Calculation Method | B14: S&P 500 | C14: AAPL
A15: Manual: SQRT(Variance) | B15: =SQRT(B9) | C15: =SQRT(C9)
A16: Excel STDEV.P function | B16: =STDEV.P('Data & Returns'!D2:D315) | C16: =STDEV.P('Data & Returns'!E2:E315)
A17: Difference | B17: =B15-B16 | C17: =C15-C16
A19: (e) SKEWNESS AND KURTOSIS
A20: Metric | B20: S&P 500 | C20: AAPL
A21: Skewness | B21: =SKEW('Data & Returns'!D2:D315) | C21: =SKEW('Data & Returns'!E2:E315)
A22: Kurtosis | B22: =KURT('Data & Returns'!D2:D315) | C22: =KURT('Data & Returns'!E2:E315)
A24: (f) WEEKS MOVING TOGETHER/APART
A25: Metric | B25: Count | C25: Proportion
A26: Weeks moving together (same sign) | B26: =SUMPRODUCT(('Data & Returns'!D2:D315>0)*('Data & Returns'!E2:E315>0))+SUMPRODUCT(('Data & Returns'!D2:D315<0)*('Data & Returns'!E2:E315<0)) | C26: =B26/(B26+B27)
A27: Weeks moving apart (different sign) | B27: =SUMPRODUCT(('Data & Returns'!D2:D315>0)*('Data & Returns'!E2:E315<0))+SUMPRODUCT(('Data & Returns'!D2:D315<0)*('Data & Returns'!E2:E315>0)) | C27: =B27/(B26+B27)
A29: (g) COVARIANCE CALCULATION
A30: Calculation Method | B30: Value
A31: Manual: Σ(x-mean_x)(y-mean_y)/N | B31: =SUMPRODUCT(('Data & Returns'!D2:D315-B5)*('Data & Returns'!E2:E315-C5))/COUNTA('Data & Returns'!D2:D315)
A32: Excel COVARIANCE.P function | B32: =COVARIANCE.P('Data & Returns'!D2:D315,'Data & Returns'!E2:E315)
A33: Difference | B33: =B31-B32
A35: (h) CORRELATION CALCULATION
A36: Calculation Method | B36: Value
A37: Manual: Cov(x,y)/(StdDev_x * StdDev_y) | B37: =B32/(B16*C16)
A38: Excel CORREL function | B38: =CORREL('Data & Returns'!D2:D315,'Data & Returns'!E2:E315)
A39: Difference | B39: =B37-B38
A41: (j) REGRESSION STATISTICS (AAPL vs S&P 500)
A42: Statistic | B42: Value
A43: Slope (Beta) | B43: =SLOPE('Data & Returns'!E2:E315,'Data & Returns'!D2:D315)
A44: Intercept (Alpha) | B44: =INTERCEPT('Data & Returns'!E2:E315,'Data & Returns'!D2:D315)
A45: R-Square | B45: =RSQ('Data & Returns'!E2:E315,'Data & Returns'!D2:D315)

Sheet Histograms
A1: (d) HISTOGRAMS USING FREQUENCY FUNCTION
A3: S&P 500 RETURNS HISTOGRAM
A4: Bin Upper Limit | B4: Frequency | C4: Bin Label
A5: -0.15 | B5: 1 | C5: <-0.150
A6: -0.14 | B6: 0 | C6: -0.150 to -0.140
A7: -0.13 | B7: 0 | C7: -0.140 to -0.130
A8: -0.12 | B8: 1 | C8: -0.130 to -0.120
A9: -0.11 | B9: 0 | C9: -0.120 to -0.110
A10: -0.1 | B10: 0 | C10: -0.110 to -0.100
A11: -0.09 | B11: 2 | C11: -0.100 to -0.090
A12: -0.08 | B12: 0 | C12: -0.090 to -0.080
A13: -0.07 | B13: 0 | C13: -0.080 to -0.070
A14: -0.06 | B14: 0 | C14: -0.070 to -0.060
A15: -0.05 | B15: 4 | C15: -0.060 to -0.050
A16: -0.04 | B16: 6 | C16: -0.050 to -0.040
... A35: 0.15 | B35: 0 | C35: 0.140 to 0.150
A38: AAPL RETURNS HISTOGRAM
A39: Bin Upper Limit | B39: Frequency | C39: Bin Label
A40: -0.2 | B40: 0 | C40: <-0.200
A41: -0.19 | B41: 1 | C41: -0.200 to -0.190
A42: -0.18 | B42: 0 | C42: -0.190 to -0.180
A43: -0.17 | B43: 0 | C43: -0.180 to -0.170
A44: -0.16 | B44: 0 | C44: -0.170 to -0.160
A45: -0.15 | B45: 0 | C45: -0.160 to -0.150
A46: -0.14 | B46: 1 | C46: -0.150 to -0.140
A47: -0.13 | B47: 1 | C47: -0.140 to -0.130
A48: -0.12 | B48: 0 | C48: -0.130 to -0.120
A49: -0.11 | B49: 2 | C49: -0.120 to -0.110
A50: -0.1 | B50: 0 | C50: -0.110 to -0.100
A51: -0.09 | B51: 0 | C51: -0.100 to -0.090
... A80: 0.2 | B80: 0 | C80: 0.190 to 0.200

Sheet Summary Results
A1: QUESTION 2 - SUMMARY OF RESULTS
A3: Dataset Information
A4: Stock Selected: | B4: Apple Inc. (AAPL)
A5: Index Selected: | B5: S&P 500
A6: Data Frequency: | B6: Weekly
A7: Period: | B7: November 2019 to November 2025 (6 years)
A8: Number of Observations: | B8: 313 weekly returns
A10: Statistical Summary
A11: Statistic | B11: S&P 500 | C11: AAPL | D11: Notes
A12: Mean Weekly Return | B12: =Calculations!B5 | C12: =Calculations!C5 | D12: Average log return
A13: Variance | B13: =Calculations!B10 | C13: =Calculations!C10 | D13: Manual & Excel match
A14: Standard Deviation | B14: =Calculations!B16 | C14: =Calculations!C16 | D14: Weekly volatility
A15: Skewness | B15: =Calculations!B21 | C15: =Calculations!C21 | D15: Asymmetry measure
A16: Kurtosis | B16: =Calculations!B22 | C16: =Calculations!C22 | D16: Tail heaviness
A17: Covariance | B17: =Calculations!B32 | D17: Co-movement measure
A18: Correlation | B18: =Calculations!B38 | D18: Standardized co-movement
A19: Weeks Moving Together | B19: =Calculations!B26 | C19: =Calculations!C26 | D19: Same direction
A20: Weeks Moving Apart | B20: =Calculations!B27 | C20: =Calculations!C27 | D20: Opposite direction
A22: Regression Results (AAPL vs S&P 500)
A23: Parameter | B23: Value | D23: Interpretation
A24: Beta (Slope) | B24: =Calculations!B43 | D24: Systematic risk
A25: Alpha (Intercept) | B25: =Calculations!B44 | D25: Excess return
A26: R-Square | B26: =Calculations!B45 | D26: Goodness of fit
